{"commitInfo":{"timestamp":1717800328949,"operation":"CREATE TABLE","operationParameters":{"partitionBy":"[]","clusterBy":"[]","description":null,"isManaged":"false","properties":"{\"delta.enableIcebergCompatV2\":\"true\",\"delta.universalFormat.enabledFormats\":\"iceberg\",\"delta.enableDeletionVectors\":\"false\",\"delta.columnMapping.mode\":\"name\",\"delta.columnMapping.maxColumnId\":\"3\"}"},"isolationLevel":"Serializable","isBlindAppend":true,"operationMetrics":{},"engineInfo":"Apache-Spark/3.5.1 Delta-Lake/3.2.0","txnId":"ecad5fbd-b3d1-4b67-ac65-770557e16c8f"}}
{"metaData":{"id":"21055ef9-0151-495f-a66d-2c75b2a619ca","format":{"provider":"parquet","options":{}},"schemaString":"{\"type\":\"struct\",\"fields\":[{\"name\":\"id\",\"type\":\"integer\",\"nullable\":true,\"metadata\":{\"delta.columnMapping.id\":1,\"delta.columnMapping.nested.ids\":{},\"delta.columnMapping.physicalName\":\"col-b1510e05-9617-48b4-ab74-f870af2c3e2f\"}},{\"name\":\"name\",\"type\":\"string\",\"nullable\":true,\"metadata\":{\"delta.columnMapping.id\":2,\"delta.columnMapping.nested.ids\":{},\"delta.columnMapping.physicalName\":\"col-f95db0ce-61b0-4efa-a036-487777249590\"}},{\"name\":\"marks\",\"type\":\"integer\",\"nullable\":true,\"metadata\":{\"delta.columnMapping.id\":3,\"delta.columnMapping.nested.ids\":{},\"delta.columnMapping.physicalName\":\"col-349e49ef-9c01-4851-a878-73c9c430077c\"}}]}","partitionColumns":[],"configuration":{"delta.enableIcebergCompatV2":"true","delta.universalFormat.enabledFormats":"iceberg","delta.enableDeletionVectors":"false","delta.columnMapping.mode":"name","delta.columnMapping.maxColumnId":"3"},"createdTime":1717800328838}}
{"protocol":{"minReaderVersion":2,"minWriterVersion":7,"writerFeatures":["columnMapping","icebergCompatV2"]}}
