{"commitInfo":{"timestamp":1717800477669,"operation":"WRITE","operationParameters":{"mode":"Append","partitionBy":"[]"},"readVersion":0,"isolationLevel":"Serializable","isBlindAppend":true,"operationMetrics":{"numFiles":"1","numOutputRows":"15","numOutputBytes":"2151"},"engineInfo":"Apache-Spark/3.5.1 Delta-Lake/3.2.0","txnId":"bfa00547-d8cd-463a-8719-203cccf1a68d"}}
{"add":{"path":"part-00000-5af50cc4-3218-465b-a3a4-eb4fc709421d-c000.snappy.parquet","partitionValues":{},"size":2151,"modificationTime":1717800477623,"dataChange":true,"stats":"{\"numRecords\":15,\"minValues\":{\"col-b1510e05-9617-48b4-ab74-f870af2c3e2f\":1,\"col-f95db0ce-61b0-4efa-a036-487777249590\":\"BtDDvLeBpK\",\"col-349e49ef-9c01-4851-a878-73c9c430077c\":8},\"maxValues\":{\"col-b1510e05-9617-48b4-ab74-f870af2c3e2f\":15,\"col-f95db0ce-61b0-4efa-a036-487777249590\":\"wYCSvnJKTo\",\"col-349e49ef-9c01-4851-a878-73c9c430077c\":993},\"nullCount\":{\"col-b1510e05-9617-48b4-ab74-f870af2c3e2f\":0,\"col-f95db0ce-61b0-4efa-a036-487777249590\":0,\"col-349e49ef-9c01-4851-a878-73c9c430077c\":0}}","tags":{"ICEBERG_COMPAT_VERSION":"2"}}}
