{"protocol":{"minReaderVersion":1,"minWriterVersion":2}}
{"metaData":{"id":"c302fb57-652f-4308-b20d-712f3c4c68ce","name":null,"description":null,"format":{"provider":"parquet","options":{}},"schemaString":"{\"type\":\"struct\",\"fields\":[{\"name\":\"first_name\",\"type\":\"string\",\"nullable\":true,\"metadata\":{}},{\"name\":\"age\",\"type\":\"long\",\"nullable\":true,\"metadata\":{}},{\"name\":\"country\",\"type\":\"string\",\"nullable\":true,\"metadata\":{}}]}","partitionColumns":["country"],"createdTime":1720110975526,"configuration":{}}}
{"add":{"path":"country=Austria/0-7cab17ea-8731-49dd-978e-dd470c1263e7-0.parquet","partitionValues":{"country":"Austria"},"size":1128,"modificationTime":1720110975525,"dataChange":true,"stats":"{\"numRecords\": 8, \"minValues\": {\"first_name\": \"Amber White\", \"age\": 25}, \"maxValues\": {\"first_name\": \"Stephanie Downs MD\", \"age\": 74}, \"nullCount\": {\"first_name\": 0, \"age\": 0}}","tags":null,"deletionVector":null,"baseRowId":null,"defaultRowCommitVersion":null,"clusteringProvider":null}}
{"add":{"path":"country=Belgia/0-7cab17ea-8731-49dd-978e-dd470c1263e7-0.parquet","partitionValues":{"country":"Belgia"},"size":1156,"modificationTime":1720110975525,"dataChange":true,"stats":"{\"numRecords\": 9, \"minValues\": {\"first_name\": \"Adrienne Morgan\", \"age\": 21}, \"maxValues\": {\"first_name\": \"Robert Johnson\", \"age\": 73}, \"nullCount\": {\"first_name\": 0, \"age\": 0}}","tags":null,"deletionVector":null,"baseRowId":null,"defaultRowCommitVersion":null,"clusteringProvider":null}}
{"add":{"path":"country=Serbia/0-7cab17ea-8731-49dd-978e-dd470c1263e7-0.parquet","partitionValues":{"country":"Serbia"},"size":1240,"modificationTime":1720110975526,"dataChange":true,"stats":"{\"numRecords\": 13, \"minValues\": {\"first_name\": \"Anthony Gonzales\", \"age\": 24}, \"maxValues\": {\"first_name\": \"Virginia Burton\", \"age\": 74}, \"nullCount\": {\"first_name\": 0, \"age\": 0}}","tags":null,"deletionVector":null,"baseRowId":null,"defaultRowCommitVersion":null,"clusteringProvider":null}}
{"commitInfo":{"timestamp":1720110975526,"operation":"CREATE TABLE","operationParameters":{"protocol":"{\"minReaderVersion\":1,\"minWriterVersion\":2}","metadata":"{\"configuration\":{},\"createdTime\":1720110975526,\"description\":null,\"format\":{\"options\":{},\"provider\":\"parquet\"},\"id\":\"c302fb57-652f-4308-b20d-712f3c4c68ce\",\"name\":null,\"partitionColumns\":[\"country\"],\"schemaString\":\"{\\\"type\\\":\\\"struct\\\",\\\"fields\\\":[{\\\"name\\\":\\\"first_name\\\",\\\"type\\\":\\\"string\\\",\\\"nullable\\\":true,\\\"metadata\\\":{}},{\\\"name\\\":\\\"age\\\",\\\"type\\\":\\\"long\\\",\\\"nullable\\\":true,\\\"metadata\\\":{}},{\\\"name\\\":\\\"country\\\",\\\"type\\\":\\\"string\\\",\\\"nullable\\\":true,\\\"metadata\\\":{}}]}\"}","mode":"ErrorIfExists"},"clientVersion":"delta-rs.0.18.1"}}
