{"commitInfo":{"timestamp":1716330626866,"engineInfo":"Kernel-3.2.0/OpenCatalogCLI","operation":"CREATE TABLE","operationParameters":{"partitionBy":"[]"},"isBlindAppend":true,"txnId":"a70c604c-f9eb-40e3-a933-241187ff42e5"}}
{"metaData":{"id":"9f915502-1a79-4a90-b168-59b0d999d708","format":{"provider":"parquet","options":{}},"schemaString":"{\n  \"type\" : \"struct\",\n  \"fields\" : [ {\n  \"name\" : \"id\",\n  \"type\" : \"integer\",\n  \"nullable\" : true, \n  \"metadata\" : {}\n},\n{\n  \"name\" : \"name\",\n  \"type\" : \"string\",\n  \"nullable\" : true, \n  \"metadata\" : {}\n},\n{\n  \"name\" : \"marks\",\n  \"type\" : \"integer\",\n  \"nullable\" : true, \n  \"metadata\" : {}\n} ]\n}","partitionColumns":[],"createdTime":1716330626855,"configuration":{}}}
{"protocol":{"minReaderVersion":1,"minWriterVersion":2}}
