{
  "format-version" : 1,
  "table-uuid" : "a3f96e6c-825e-4b0d-97d3-58bf9fbf1bf3",
  "location" : "file:/tmp/marksheet_uniform",
  "last-updated-ms" : 1717800332330,
  "last-column-id" : 3,
  "schema" : {
    "type" : "struct",
    "schema-id" : 0,
    "fields" : [ {
      "id" : 1,
      "name" : "id",
      "required" : false,
      "type" : "int"
    }, {
      "id" : 2,
      "name" : "name",
      "required" : false,
      "type" : "string"
    }, {
      "id" : 3,
      "name" : "marks",
      "required" : false,
      "type" : "int"
    } ]
  },
  "current-schema-id" : 0,
  "schemas" : [ {
    "type" : "struct",
    "schema-id" : 0,
    "fields" : [ {
      "id" : 1,
      "name" : "id",
      "required" : false,
      "type" : "int"
    }, {
      "id" : 2,
      "name" : "name",
      "required" : false,
      "type" : "string"
    }, {
      "id" : 3,
      "name" : "marks",
      "required" : false,
      "type" : "int"
    } ]
  } ],
  "partition-spec" : [ ],
  "default-spec-id" : 0,
  "partition-specs" : [ {
    "spec-id" : 0,
    "fields" : [ ]
  } ],
  "last-partition-id" : 999,
  "default-sort-order-id" : 0,
  "sort-orders" : [ {
    "order-id" : 0,
    "fields" : [ ]
  } ],
  "properties" : {
    "schema.name-mapping.default" : "[ {\n  \"field-id\" : 1,\n  \"names\" : [ \"id\" ]\n}, {\n  \"field-id\" : 2,\n  \"names\" : [ \"name\" ]\n}, {\n  \"field-id\" : 3,\n  \"names\" : [ \"marks\" ]\n} ]",
    "delta-timestamp" : "1717800329062",
    "delta-version" : "0"
  },
  "current-snapshot-id" : -1,
  "refs" : { },
  "snapshots" : [ ],
  "statistics" : [ ],
  "snapshot-log" : [ ],
  "metadata-log" : [ {
    "timestamp-ms" : 1717800331996,
    "metadata-file" : "file:/tmp/marksheet_uniform/metadata/00000-cb4b21f7-5602-4320-8584-e7c52cb9f4cf.metadata.json"
  } ]
}